casilla_id,distrito_fed_17,distrito_fed_12,distrito_loc_17,distrito_loc_12,are,seccion,casilla,tipo_seccion,pri_pvem,pan_na,prd,pt,mc,otros,total,ln,tamano_md,tamano_gd,region,casilla_ex,rural,ln_total
6427,10,10,20,21,10-40,2332,B-C,U,78,162,18,0,1,12,271,533,1,0,2,0,0,533
4193,8,8,14,14,8-87,2170,B-C,U,131,112,13,7,3,0,266,498,0,0,2,0,0,498
1140,3,3,7,4,3-35,1355,B-C,U,124,221,19,3,3,8,378,592,1,0,1,0,0,592
5639,13,11,18,19,11-54,917,B-C,U,160,122,48,13,1,17,361,563,1,0,1,0,0,563
1962,6,3,7,7,3-60,1432,B-C,U,122,153,10,2,0,1,288,448,0,0,1,0,0,448
1532,5,6,6,5,6-79,1845,B-C,U,171,186,6,1,0,8,372,554,1,0,1,0,0,554
2933,13,7,13,10,7-20,2074,B-C,R,85,101,38,1,0,13,238,520,1,0,1,0,1,520
6307,10,10,20,21,10-17,2266,B-C,U,161,209,32,4,7,8,421,558,0,0,2,0,0,558
4559,2,12,16,15,12-63,513,B-C,U,205,155,12,2,1,6,381,596,1,0,2,0,0,596
5182,2,2,17,17,2-55,614,B-C,U,90,213,7,2,2,10,324,555,1,0,2,0,0,555
828,5,5,5,3,5-56,1747,B-C,U,173,152,6,3,6,26,366,603,1,0,1,0,0,603
4382,12,12,16,15,12-34,349,B-C,U,117,162,22,5,9,35,350,628,1,0,2,0,0,628
5827,13,13,19,19,13-79,2860,E,M,41,210,87,2,2,18,360,582,1,0,2,1,0,582
6030,10,10,20,20,10-68,2799,B-C,U,136,172,11,7,0,9,335,598,1,0,2,0,0,598
3113,7,7,10,10,7-57,2501,B-C,R,61,164,3,0,0,13,241,402,0,0,1,0,1,402
4824,12,12,15,16,12-9,446,B-C,U,86,120,13,2,6,2,229,385,0,0,2,0,0,385
3621,15,9,12,12,9-63,1002,B-C,U,100,134,6,2,5,6,253,491,0,0,1,0,0,491
249,4,1,1,1,1-76,2421,B-C,R,229,236,16,4,0,16,501,567,1,0,1,0,1,567
4954,12,12,15,16,12-79,548,B-C,R,45,45,1,1,1,3,96,167,0,0,2,0,1,167
5344,7,11,10,18,11-100,582,B-C,R,174,136,4,3,0,5,322,517,1,0,1,0,1,517
1703,5,6,6,6,6-67,1577,B-C,U,172,168,10,1,1,7,359,569,1,0,1,0,0,569
3431,9,9,11,11,9-4,1123,B-C,R,61,120,16,0,2,13,212,529,1,0,1,0,1,529
4229,8,8,14,14,8-45,2215,B-C,R,151,238,13,4,3,35,444,711,0,0,2,0,1,711
2856,7,7,10,10,7-5,2042,B-C,U,131,300,4,1,0,9,445,688,0,1,1,0,0,688
98,4,1,1,1,1-102,1906,B-C,R,132,115,38,0,0,12,297,439,0,0,1,0,1,439
4393,12,12,16,15,12-40,363,B-C,U,132,200,33,2,3,8,378,566,1,0,2,0,0,566
4909,2,12,16,16,12-72,510,B-C,R,138,81,17,5,3,15,259,513,1,0,2,0,1,513
3696,15,9,12,12,9-83,1081,B-C,U,135,125,17,4,1,9,291,426,0,0,1,0,0,426
3556,9,4,12,12,4-91,966,B-C,U,208,101,9,3,1,8,330,664,0,1,1,0,0,664
5338,7,11,10,18,11-106,578,B-C,R,174,189,7,21,1,20,412,607,0,0,1,0,1,607
4436,12,12,15,15,12-2,392,B-C,U,157,178,22,1,5,10,373,611,1,0,2,0,0,611
586,1,1,2,2,1-21,2901,B-C,R,162,217,22,3,1,22,427,614,0,0,2,0,1,614
4660,8,8,17,15,8-15,2929,B-C,M,167,255,15,5,3,14,459,640,1,0,2,0,0,640
6396,10,10,20,21,10-37,2316,B-C,U,117,237,51,8,4,28,445,749,0,0,2,0,0,749
1125,6,3,7,4,3-38,1349,B-C,U,170,220,13,4,0,7,414,677,1,0,1,0,0,677
1079,3,3,7,4,3-32,1326,B-C,U,149,151,4,2,0,14,320,567,1,0,1,0,0,567
3971,8,8,14,13,8-71,2180,B-C,U,138,156,20,15,5,2,336,553,1,0,2,0,0,553
3429,9,9,11,11,9-5,1122,B-C,R,89,212,7,3,3,11,325,590,1,0,1,0,1,590
6710,14,14,22,22,14-95,1249,B-C,R,63,152,37,1,1,22,276,572,0,0,2,0,1,572
3323,15,9,12,11,9-73,1055,B-C,U,123,143,6,1,1,13,287,435,0,0,1,0,0,435
6032,10,10,20,20,10-68,2800,B-C,U,199,227,19,1,2,20,468,747,1,0,2,0,0,747
2513,9,7,13,8,7-96,2721,B-C,R,382,128,4,1,0,4,519,400,1,0,1,0,1,400
3885,13,11,18,13,11-70,37,B-C,R,99,196,2,4,2,8,311,555,1,0,1,0,1,555
6583,14,14,22,22,14-28,116,B-C,R,61,126,44,4,2,27,264,500,1,0,2,0,1,500
6308,10,10,20,21,10-17,2267,B-C,U,152,213,30,5,3,19,422,699,0,0,2,0,0,699
2704,2,2,9,9,2-47,228,B-C,R,60,154,11,2,4,4,235,368,0,0,2,0,1,368
6360,10,10,20,21,10-26,2294,B-C,U,80,199,25,2,5,16,327,615,0,0,2,0,0,615
3107,7,7,10,10,7-57,2498,B-C,R,125,80,14,2,2,10,233,457,0,0,1,0,1,457
3016,7,7,10,10,7-37,2464,B-C,U,128,274,7,1,0,11,421,621,0,0,1,0,0,621
1780,11,6,21,6,6-46,1614,B-C,U,200,254,12,2,1,14,483,725,0,1,1,0,0,725
5763,13,13,19,19,13-62,2837,B-C,U,82,196,40,8,2,16,344,600,1,0,2,0,0,600
6389,10,10,20,21,10-33,2312,B-C,U,106,184,14,5,2,7,318,501,1,0,2,0,0,501
1733,11,6,6,6,6-72,1596,B-C,U,181,168,13,2,2,8,374,558,1,0,1,0,0,558
1513,5,5,5,5,5-72,1835,B-C,U,192,137,6,0,3,17,355,607,1,0,1,0,0,607
2670,2,2,9,9,2-25,208,B-C,R,118,111,8,8,1,19,265,441,0,0,2,0,1,441
3926,13,8,18,13,8-4,2032,B-C,R,161,130,8,4,11,0,314,450,0,0,1,0,1,450
892,5,5,7,3,5-40,1777,B-C,U,98,161,11,2,0,5,277,378,0,0,1,0,0,378
839,5,5,5,3,5-64,1751,B-C,U,215,220,8,2,2,9,456,737,1,0,1,0,0,737
3047,7,7,10,10,7-39,2475,B-C,U,151,289,5,1,1,5,452,701,1,0,1,0,0,701
2360,4,4,8,8,4-76,900,B-C,M,133,207,17,4,1,14,376,617,1,0,1,0,0,617
5237,2,2,17,17,2-63,640,B-C,R,130,251,25,4,7,25,442,710,0,0,2,0,1,710
537,1,1,2,2,1-56,2601,B-C,R,142,158,12,6,0,79,397,578,1,0,2,0,1,578
5948,10,10,20,20,10-4,1876,B-C,U,80,162,19,0,5,15,281,414,0,0,2,0,0,414
313,1,2,2,2,2-98,747,B-C,R,163,197,10,0,31,18,419,595,1,0,2,0,1,595
3521,9,9,11,12,9-31,933,B-C,U,152,286,22,4,2,13,479,704,1,0,1,0,0,704
2328,4,4,8,8,4-71,885,E,R,26,89,4,0,0,2,121,256,0,0,1,1,1,256
2258,4,4,8,8,4-53,855,B-C,U,180,133,19,6,2,11,351,552,1,0,1,0,0,552
5382,13,11,10,18,11-89,718,B-C,U,100,126,55,5,0,18,304,491,0,0,1,0,0,491
2015,11,6,21,7,6-41,1582,B-C,U,94,159,10,3,3,4,273,404,0,0,1,0,0,404
5112,14,14,9,17,14-63,305,B-C,R,181,163,20,3,4,12,383,699,1,0,2,0,1,699
6734,14,14,22,22,14-101,2736,B-C,M,132,156,11,2,0,12,313,514,1,0,2,0,0,514
4277,8,8,17,14,8-28,2613,B-C,U,122,260,7,1,0,5,395,678,1,0,2,0,0,678
6684,14,14,22,22,14-88,1229,B-C,R,100,94,32,3,0,21,250,542,1,0,2,0,1,542
422,1,1,2,2,1-45,2547,S,U,72,111,17,4,2,1,207,0,0,0,2,0,0,207
896,3,5,3,4,5-3,1261,B-C,M,206,130,2,5,1,12,356,611,1,0,1,0,0,611
1293,6,3,4,4,3-89,1512,B-C,R,211,78,3,0,1,8,301,589,1,0,1,0,1,589
265,4,1,1,1,1-92,2430,B-C,R,171,114,7,2,0,15,309,485,0,0,1,0,1,485
4347,8,8,17,14,8-32,2639,B-C,U,85,249,35,3,3,13,388,591,1,0,2,0,0,591
3574,15,9,11,12,9-40,977,B-C,U,144,118,5,0,1,12,280,479,0,0,1,0,0,479
5743,13,13,19,19,13-61,2828,B-C,U,53,149,66,0,1,16,285,507,1,0,2,0,0,507
2448,9,7,13,8,7-71,2673,B-C,U,172,157,9,2,2,12,354,677,1,0,1,0,0,677
5626,7,11,18,18,11-28,2020,B-C,R,123,116,13,3,0,17,272,443,0,0,1,0,1,443
5841,13,13,19,19,13-82,2866,B-C,R,37,171,71,3,0,23,305,638,1,0,2,0,1,638
6689,14,14,22,22,14-92,1232,B-C,R,49,94,21,1,2,5,172,389,0,0,2,0,1,389
1826,11,6,6,6,6-14,1651,B-C,M,188,175,5,1,1,10,380,707,1,0,1,0,0,707
6249,10,13,19,21,13-33,691,B-C,U,92,161,21,3,1,12,290,574,1,0,2,0,0,574
5802,13,13,19,19,13-73,2850,E,R,59,144,21,19,4,12,259,430,1,0,2,1,1,430
3142,9,7,13,10,7-68,2686,B-C,U,153,165,14,0,2,8,342,581,1,0,1,0,0,581
6255,10,13,19,21,13-34,693,B-C,R,29,81,4,1,1,0,116,156,0,0,2,0,1,156
4227,8,8,14,14,8-43,2213,B-C,R,61,104,42,5,3,29,244,443,0,0,2,0,1,443
443,1,1,2,2,1-51,2554,B-C,U,188,205,25,8,2,12,440,677,1,0,2,0,0,677
6565,14,14,22,22,14-22,107,B-C,R,24,89,44,3,0,8,168,389,0,0,2,0,1,389
5453,7,11,18,18,11-38,1927,S,U,69,118,6,3,0,5,201,0,1,0,1,0,0,201
3433,9,9,11,11,9-4,1123,B-C,R,74,155,8,1,3,13,254,528,1,0,1,0,1,528
909,3,3,3,4,3-1,1266,B-C,U,200,180,7,1,3,16,407,746,1,0,1,0,0,746
2302,4,4,8,8,4-62,877,B-C,U,153,158,31,2,4,14,362,565,1,0,1,0,0,565
4005,8,8,14,13,8-93,2192,B-C,U,132,142,12,8,1,12,307,465,0,0,2,0,0,465
1512,5,5,5,5,5-74,1834,B-C,U,166,142,8,2,2,15,335,573,1,0,1,0,0,573
4133,8,8,14,14,8-80,2123,B-C,U,155,158,15,12,3,6,349,451,0,0,2,0,0,451
2103,11,6,21,7,6-26,1642,B-C,U,193,174,0,4,0,10,381,708,0,1,1,0,0,708
4423,12,12,15,15,12-46,382,B-C,U,174,201,21,7,5,17,425,654,1,0,2,0,0,654
2812,1,4,8,9,4-34,815,B-C,R,62,121,8,3,3,34,231,402,0,0,1,0,1,402
4044,8,8,14,13,8-103,2235,B-C,R,84,205,16,2,0,8,315,573,0,0,2,0,1,573
309,1,2,2,2,2-95,746,B-C,R,83,237,4,3,17,13,357,477,0,0,2,0,1,477
2570,2,2,9,9,2-13,157,B-C,U,128,160,12,4,4,21,329,551,1,0,2,0,0,551
3701,15,9,12,12,9-83,1094,B-C,U,197,213,14,3,1,7,435,679,1,0,1,0,0,679
1090,3,3,7,4,3-31,1332,B-C,U,142,204,10,3,3,17,379,655,1,0,1,0,0,655
4980,12,13,15,16,13-19,564,B-C,M,103,279,6,3,1,14,406,742,0,0,2,0,0,742
4913,2,12,16,16,12-71,516,B-C,M,24,120,3,2,0,5,154,423,0,0,2,0,0,423
356,2,2,2,2,2-76,2516,B-C,R,141,132,15,6,4,22,320,530,1,0,2,0,1,530
2883,7,7,10,10,7-11,2050,B-C,R,204,209,0,0,0,5,418,567,1,0,1,0,1,567
650,5,5,7,3,5-30,1401,B-C,U,151,185,6,1,0,16,359,502,0,0,1,0,0,502
475,1,1,2,2,1-39,2573,B-C,R,119,242,11,2,8,15,397,747,1,0,2,0,1,747
353,2,2,2,2,2-70,2515,B-C,R,161,168,15,2,0,5,351,533,1,0,2,0,1,533
2701,2,2,9,9,2-22,226,B-C,R,79,107,6,4,1,17,214,491,0,0,2,0,1,491
5242,2,2,17,17,2-67,642,B-C,R,82,123,17,9,0,23,254,453,0,0,2,0,1,453
5117,14,14,9,17,14-65,308,B-C,R,145,142,7,4,4,5,307,532,0,0,2,0,1,532
4752,12,12,16,16,12-30,372,B-C,U,136,177,26,7,4,11,361,558,1,0,2,0,0,558
2128,11,6,6,7,6-18,1644,B-C,U,225,146,5,6,1,7,390,724,1,0,1,0,0,724
3312,15,9,12,11,9-68,1050,B-C,U,179,156,0,0,1,12,348,516,1,0,1,0,0,516
4528,12,13,15,15,13-11,486,B-C,U,142,107,19,4,5,15,292,551,1,0,2,0,0,551
1552,5,6,6,5,6-80,1853,B-C,U,136,209,5,5,1,10,366,523,1,0,1,0,0,523
2518,9,7,13,8,7-97,2723,B-C,R,133,151,10,3,1,11,309,617,0,0,1,0,1,617
157,4,1,1,1,1-84,2376,B-C,U,170,115,12,6,2,10,315,474,0,0,1,0,0,474
695,3,5,3,3,5-8,1686,B-C,U,149,142,5,2,2,8,308,468,0,0,1,0,0,468
3083,7,7,10,10,7-51,2486,B-C,R,187,206,6,2,0,10,411,732,1,0,1,0,1,732
5729,13,13,19,19,13-58,2822,B-C,U,64,182,40,1,2,11,300,436,0,0,2,0,0,436
2834,7,7,10,10,7-1,2036,B-C,U,101,262,1,4,2,13,383,666,0,1,1,0,0,666
3197,9,9,11,11,9-28,929,B-C,U,148,216,13,3,5,14,399,635,1,0,1,0,0,635
4103,8,8,14,14,8-77,2110,B-C,U,177,247,26,21,5,4,480,674,1,0,2,0,0,674
841,5,5,5,3,5-63,1752,B-C,U,172,213,5,5,3,11,409,643,1,0,1,0,0,643
5189,2,2,17,17,2-50,617,B-C,U,161,207,26,4,9,11,418,651,1,0,2,0,0,651
5886,13,13,19,19,13-90,2881,B-C,R,45,143,68,12,7,38,313,551,1,0,2,0,1,551
2366,4,4,8,8,4-79,903,B-C,R,179,206,27,5,2,23,442,714,1,0,1,0,1,714
4833,12,12,15,16,12-10,455,B-C,U,120,131,14,3,3,13,284,499,0,0,2,0,0,499
5736,13,13,19,19,13-59,2825,B-C,U,63,179,44,3,3,13,305,508,1,0,2,0,0,508
4674,12,12,16,16,12-39,336,B-C,U,171,189,30,8,2,11,411,727,0,1,2,0,0,727
599,1,1,2,2,1-15,2935,E,M,135,153,2,1,0,6,297,337,1,0,2,1,0,337
4971,12,12,15,16,12-81,557,B-C,U,88,148,4,2,0,6,248,425,0,0,2,0,0,425
394,2,2,2,2,2-82,2535,B-C,R,192,123,31,13,0,16,375,601,1,0,2,0,1,601
5582,7,11,18,18,11-6,1996,B-C,R,73,180,40,9,0,28,330,703,1,0,1,0,1,703
2608,2,2,9,9,2-18,173,B-C,U,144,175,20,7,2,15,363,609,1,0,2,0,0,609
5195,2,2,17,17,2-63,620,B-C,M,102,151,5,1,8,8,275,518,1,0,2,0,0,518
1983,6,3,21,7,3-63,1450,B-C,U,203,249,11,8,1,13,485,738,1,0,1,0,0,738
1115,3,3,7,4,3-34,1342,B-C,U,163,229,10,2,3,8,415,678,1,0,1,0,0,678
4663,8,8,17,15,8-17,2930,B-C,U,120,200,8,2,5,13,348,576,1,0,2,0,0,576
1059,3,3,7,4,3-27,1320,B-C,U,155,130,5,1,1,7,299,519,1,0,1,0,0,519
952,3,3,3,4,3-8,1283,B-C,U,170,293,13,5,4,15,500,736,1,0,1,0,0,736
4655,8,8,17,15,8-16,2927,B-C,M,151,222,12,2,3,14,404,623,1,0,2,0,0,623
4475,12,12,15,15,12-55,434,B-C,U,105,238,13,4,2,9,371,533,1,0,2,0,0,533
3454,9,9,11,11,9-9,1150,B-C,U,161,245,12,5,2,11,436,570,1,0,1,0,0,570
5302,14,10,15,17,10-58,2768,B-C,U,65,190,11,3,4,8,281,456,0,0,2,0,0,456
964,3,3,4,4,3-13,1285,B-C,U,198,237,23,7,5,19,489,737,0,1,1,0,0,737
3024,7,7,10,10,7-40,2468,B-C,U,136,217,8,0,2,14,377,625,1,0,1,0,0,625
5928,10,10,20,20,10-3,1867,B-C,U,105,190,27,4,8,10,344,516,1,0,2,0,0,516
2182,11,6,6,7,6-2,1668,B-C,R,243,142,23,1,0,22,431,744,1,0,1,0,1,744
3176,9,7,13,10,7-90,2719,B-C,M,159,160,6,3,0,17,345,622,1,0,1,0,0,622
3205,9,9,11,11,9-28,935,B-C,U,142,221,8,5,1,5,382,578,1,0,1,0,0,578
2692,2,2,9,9,2-24,220,B-C,R,81,116,3,1,1,11,213,415,0,0,2,0,1,415
202,4,1,1,1,1-95,2396,B-C,R,93,122,4,0,1,7,227,382,0,0,1,0,1,382
126,4,1,1,1,1-60,2357,B-C,R,64,135,2,7,0,4,212,354,0,0,1,0,1,354
3917,13,8,18,13,8-2,2028,B-C,M,140,231,20,3,23,9,426,629,1,0,1,0,0,629
1533,5,6,6,5,6-79,1845,B-C,U,197,149,6,3,3,5,363,553,1,0,1,0,0,553
1877,6,3,7,7,3-43,1369,B-C,U,129,152,13,3,0,5,302,529,1,0,1,0,0,529
1781,11,6,21,6,6-46,1614,B-C,U,173,252,19,7,4,11,466,725,0,1,1,0,0,725
5549,7,11,18,18,11-13,1979,B-C,R,70,158,14,3,1,18,264,492,0,0,1,0,1,492
2232,4,4,8,8,4-49,844,B-C,U,148,112,24,14,3,16,317,478,0,0,1,0,0,478
5735,13,13,19,19,13-59,2824,B-C,U,67,193,54,8,2,17,341,558,1,0,2,0,0,558
4409,12,12,16,15,12-33,370,B-C,U,149,157,22,8,5,9,350,580,1,0,2,0,0,580
581,1,1,2,2,1-26,2899,B-C,R,143,62,17,1,2,12,237,377,1,0,2,0,1,377
1934,6,3,7,7,3-58,1409,B-C,U,166,208,3,4,4,10,395,606,1,0,1,0,0,606
6160,10,10,20,20,10-91,2996,B-C,R,75,123,5,0,0,6,209,441,0,0,2,0,1,441
5556,7,11,18,18,11-18,1983,B-C,R,164,122,8,1,0,13,308,511,1,0,1,0,1,511
5270,14,10,15,17,10-52,2749,B-C,U,105,188,61,3,4,0,361,600,1,0,2,0,0,600
4687,12,12,16,16,12-35,337,B-C,U,122,155,26,8,3,11,325,517,1,0,2,0,0,517
5561,7,11,18,18,11-15,1985,B-C,R,44,163,5,3,0,13,228,435,0,0,1,0,1,435
904,3,5,3,4,5-2,1264,B-C,U,138,165,3,2,0,5,313,573,1,0,1,0,0,573
4888,2,12,16,16,12-68,501,B-C,U,111,265,16,6,10,12,420,681,1,0,2,0,0,681
1894,3,3,7,7,3-46,1379,B-C,U,101,150,9,1,1,6,268,431,0,0,1,0,0,431
2591,2,2,9,9,2-12,167,B-C,U,112,129,24,6,8,25,304,437,0,0,2,0,0,437
6358,10,10,20,21,10-25,2292,B-C,R,90,150,32,4,6,24,306,650,0,0,2,0,1,650
596,1,1,2,2,1-12,2934,B-C,M,152,126,12,1,0,10,301,427,0,0,2,0,0,427
4863,12,12,15,16,12-16,473,B-C,U,167,152,20,7,4,20,370,732,1,0,2,0,0,732
3077,7,7,10,10,7-47,2483,B-C,R,194,140,1,1,0,8,344,530,1,0,1,0,1,530
740,3,5,3,3,5-20,1705,B-C,U,167,206,3,4,2,11,393,514,1,0,1,0,0,514
2878,7,7,10,10,7-10,2048,B-C,R,116,195,5,0,0,9,325,569,1,0,1,0,1,569
1542,5,6,6,5,6-80,1848,B-C,U,174,169,8,4,1,6,362,549,1,0,1,0,0,549
1017,3,3,3,4,3-12,1304,B-C,U,171,240,13,0,2,3,429,706,1,0,1,0,0,706
4545,12,13,15,15,13-14,492,B-C,U,80,154,16,1,0,9,260,501,1,0,2,0,0,501
235,4,1,1,1,1-80,2413,B-C,R,164,111,11,2,0,16,304,572,1,0,1,0,1,572
1908,6,3,7,7,3-51,1387,B-C,U,135,134,13,1,4,9,296,511,1,0,1,0,0,511
4223,8,8,14,14,8-44,2211,B-C,R,193,131,20,9,1,27,381,627,0,0,2,0,1,627
4278,8,8,17,14,8-28,2613,B-C,U,100,259,11,3,4,13,390,678,1,0,2,0,0,678
3332,15,9,12,11,9-64,1066,B-C,U,146,127,12,1,5,7,298,493,0,0,1,0,0,493
5368,7,11,10,18,11-95,601,B-C,R,145,102,15,9,1,8,280,417,0,0,1,0,1,417
4378,12,12,16,15,12-43,347,B-C,NA,149,224,23,3,7,23,429,720,0,1,2,0,0,720
1554,5,6,5,5,6-82,1854,B-C,U,216,169,7,3,1,13,409,630,1,0,1,0,0,630
3134,9,7,13,10,7-67,2679,B-C,U,150,116,10,0,4,8,288,448,0,0,1,0,0,448
1607,5,5,5,5,5-81,3025,B-C,U,156,114,4,3,0,9,286,505,1,0,1,0,0,505
664,3,5,3,3,5-6,1675,B-C,U,204,223,24,3,3,11,468,715,1,0,1,0,0,715
4000,8,8,14,13,8-101,2190,B-C,U,189,190,12,2,0,15,408,699,1,0,2,0,0,699
2627,2,2,9,9,2-30,183,B-C,R,102,138,4,0,1,19,264,565,1,0,2,0,1,565
6626,14,14,22,22,14-74,652,B-C,U,90,174,43,15,0,13,335,454,0,0,2,0,0,454
2349,4,4,8,8,4-77,896,B-C,M,192,149,30,5,0,11,387,660,1,0,1,0,0,660
4101,8,8,14,14,8-65,2109,B-C,M,175,149,23,12,5,8,372,524,1,0,2,0,0,524
5777,13,13,19,19,13-66,2842,B-C,U,42,168,68,5,2,42,327,613,1,0,2,0,0,613
93,4,1,1,1,1-98,1903,B-C,R,54,115,51,0,0,15,235,390,0,0,1,0,1,390
1672,11,6,6,6,6-58,1555,B-C,U,190,169,7,3,5,9,383,559,1,0,1,0,0,559
2864,7,7,10,10,7-7,2043,B-C,R,146,204,1,0,0,13,364,562,1,0,1,0,1,562
5479,7,11,18,18,11-36,1943,B-C,R,124,124,4,3,1,12,268,553,1,0,1,0,1,553
6399,10,10,20,21,10-35,2318,B-C,U,50,108,23,2,6,14,203,386,0,0,2,0,0,386
3246,15,9,11,11,9-42,972,B-C,U,129,182,8,2,0,14,335,519,1,0,1,0,0,519
5347,7,11,10,18,11-103,585,B-C,R,55,45,3,9,0,5,117,233,0,0,1,0,1,233
2279,4,4,8,8,4-56,867,B-C,U,211,178,21,11,6,17,444,591,1,0,1,0,0,591
3415,15,9,12,11,9-52,1106,B-C,U,169,111,13,2,2,7,304,605,1,0,1,0,0,605
807,5,5,7,3,5-28,1737,B-C,U,131,166,1,1,0,5,304,514,1,0,1,0,0,514
2446,9,7,13,8,7-62,2671,B-C,U,147,198,18,0,1,22,386,601,1,0,1,0,0,601
3028,7,7,10,10,7-40,2469,B-C,U,114,237,3,2,4,11,371,642,1,0,1,0,0,642
801,5,5,5,3,5-57,1734,B-C,U,179,249,5,5,4,16,458,693,1,0,1,0,0,693
6683,14,14,22,22,14-88,1228,B-C,R,27,98,14,0,3,15,157,360,0,0,2,0,1,360
3731,9,4,11,12,4-99,1120,B-C,M,153,174,6,3,0,13,349,739,1,0,1,0,0,739
116,4,1,1,1,1-58,2351,B-C,R,156,190,11,19,2,29,407,662,0,0,1,0,1,662
2579,2,2,9,9,2-17,161,B-C,U,107,152,15,3,2,9,288,462,0,0,2,0,0,462
4852,12,12,15,16,12-11,469,B-C,U,183,166,21,12,3,12,397,610,0,0,2,0,0,610
3858,13,11,18,13,11-74,24,B-C,U,145,211,14,7,3,27,407,557,1,0,1,0,0,557
1878,6,3,7,7,3-44,1370,B-C,U,160,149,8,2,0,13,332,513,1,0,1,0,0,513
4963,12,12,15,16,12-81,553,B-C,U,78,149,11,3,0,16,257,454,0,0,2,0,0,454
1314,5,5,7,5,5-32,1459,B-C,U,191,194,18,2,2,10,417,617,0,0,1,0,0,617
795,5,5,5,3,5-55,1732,B-C,U,188,159,10,5,2,15,379,652,1,0,1,0,0,652
3811,13,11,18,13,11-65,4,B-C,U,150,210,9,3,1,8,381,528,1,0,1,0,0,528
4743,12,12,16,16,12-21,356,B-C,U,172,180,14,8,5,10,389,652,1,0,2,0,0,652
1340,3,5,3,5,5-87,1477,B-C,M,192,187,7,3,0,3,392,734,0,1,1,0,0,734
6207,10,13,19,21,13-25,675,B-C,U,105,144,18,4,2,18,291,388,0,0,2,0,0,388
3941,8,8,14,13,8-69,2151,B-C,U,113,131,29,12,3,15,303,469,0,0,2,0,0,469
4798,12,12,16,16,12-6,422,B-C,U,190,182,21,3,2,20,418,596,1,0,2,0,0,596
2239,4,4,8,8,4-49,847,B-C,U,99,100,14,13,2,6,234,375,0,0,1,0,0,375
3791,15,9,12,12,9-17,1168,B-C,M,176,112,3,1,2,6,300,571,1,0,1,0,0,571
2119,11,6,21,7,6-23,1643,B-C,U,193,135,1,1,2,13,345,695,0,1,1,0,0,695
1327,5,6,6,5,6-84,1468,B-C,U,165,128,5,2,0,14,314,569,1,0,1,0,0,569
768,3,5,7,3,5-26,1719,B-C,U,195,234,6,5,2,10,452,704,1,0,1,0,0,704
261,4,1,1,1,1-78,2427,B-C,R,89,155,16,7,4,23,294,500,1,0,1,0,1,500
862,5,5,7,3,5-40,1763,B-C,U,120,157,3,1,5,13,299,440,0,0,1,0,0,440
478,1,1,2,2,1-38,2574,B-C,R,89,165,2,2,1,9,268,507,1,0,2,0,1,507
5100,14,14,9,17,14-61,301,B-C,R,254,126,5,0,1,11,397,378,1,0,2,0,1,378
4462,12,12,15,15,12-55,414,B-C,U,126,201,36,6,11,11,391,503,1,0,2,0,0,503
4600,12,13,15,15,13-18,563,B-C,M,209,148,12,0,1,7,377,619,1,0,2,0,0,619
2530,2,2,9,9,2-3,143,B-C,U,226,225,25,9,4,21,510,736,1,0,2,0,0,736
634,3,5,3,3,5-15,1281,B-C,U,196,215,7,7,2,9,436,595,1,0,1,0,0,595
3678,15,9,12,12,9-78,1060,B-C,U,170,240,14,3,0,14,441,710,1,0,1,0,0,710
4286,8,8,17,14,8-36,2617,B-C,U,156,290,11,3,1,9,470,701,1,0,2,0,0,701
3013,7,7,10,10,7-37,2462,B-C,U,204,317,5,2,1,11,540,729,0,0,1,0,0,729
2089,11,6,21,7,6-37,1635,B-C,U,203,233,24,5,2,12,479,712,1,0,1,0,0,712
6063,10,10,20,20,10-74,2811,B-C,R,124,179,5,1,1,12,322,692,0,0,2,0,1,692
5540,7,11,18,18,11-13,1975,B-C,R,133,177,4,2,0,7,323,583,1,0,1,0,1,583
4683,12,12,16,16,12-38,336,B-C,U,158,246,27,8,4,9,452,728,0,1,2,0,0,728
3260,15,9,11,11,9-27,987,B-C,U,178,258,10,4,3,5,458,709,1,0,1,0,0,709
3823,13,11,18,13,11-65,9,B-C,U,144,304,5,1,1,11,466,686,1,0,1,0,0,686
3873,13,11,18,13,11-72,31,B-C,R,40,274,1,0,0,5,320,514,1,0,1,0,1,514
1631,6,6,7,6,6-57,1528,B-C,U,205,300,11,1,0,15,532,698,0,0,1,0,0,698
4357,8,8,17,14,8-22,2643,B-C,R,101,266,14,1,2,3,387,576,1,0,2,0,1,576
5823,13,13,19,19,13-79,2860,B-C,M,16,130,74,1,3,11,235,382,1,0,2,0,0,382
6274,10,13,19,21,13-37,701,B-C,R,97,173,13,0,1,16,300,529,1,0,2,0,1,529
653,3,5,3,3,5-2,1471,B-C,R,49,35,1,0,1,6,92,106,0,0,1,0,1,106
3748,9,9,11,12,9-5,1132,B-C,R,129,176,9,1,1,16,332,548,1,0,1,0,1,548
6061,10,10,20,20,10-74,2810,B-C,R,142,103,3,0,0,8,256,410,1,0,2,0,1,410
2063,6,6,4,7,6-28,1632,B-C,NA,214,192,8,2,1,15,432,743,0,1,1,0,0,743
2967,13,7,13,10,7-29,2100,B-C,R,29,73,74,2,6,31,215,431,0,0,1,0,1,431
903,3,5,3,4,5-2,1264,B-C,U,131,189,8,1,0,5,334,573,1,0,1,0,0,573
1005,3,3,4,4,3-21,1299,B-C,U,132,149,4,1,0,7,293,440,0,0,1,0,0,440
5820,13,13,19,19,13-78,2858,B-C,R,29,56,65,3,4,12,169,436,0,0,2,0,1,436
2214,4,4,8,8,4-45,834,B-C,U,188,135,20,11,4,25,383,608,1,0,1,0,0,608
174,4,1,1,1,1-84,2383,B-C,U,196,131,12,5,1,12,357,586,1,0,1,0,0,586
5708,13,13,19,19,13-54,1199,B-C,U,204,111,16,1,2,14,348,682,0,0,2,0,0,682
972,3,3,3,4,3-9,1286,B-C,U,183,228,11,0,3,18,443,619,1,0,1,0,0,619
3341,15,9,12,11,9-72,1074,B-C,U,137,154,10,2,2,6,311,505,1,0,1,0,0,505
3389,15,9,11,11,9-49,1099,B-C,U,186,195,12,1,1,8,403,684,0,1,1,0,0,684
1622,5,6,6,6,6-64,1522,B-C,U,124,106,5,2,2,10,249,389,0,0,1,0,0,389
6645,14,14,22,22,14-78,1204,B-C,U,76,102,39,2,3,18,240,449,0,0,2,0,0,449
1758,11,6,6,6,6-72,1609,B-C,U,181,203,4,3,0,9,400,658,1,0,1,0,0,658
3185,9,7,13,10,7-93,2725,B-C,R,114,122,18,6,1,0,261,564,1,0,1,0,1,564
5014,14,14,22,17,14-42,257,B-C,U,78,105,7,11,102,18,321,508,1,0,2,0,0,508
4748,12,12,16,16,12-28,357,B-C,U,101,137,18,2,1,10,269,514,1,0,2,0,0,514
1470,5,5,7,5,5-42,1811,B-C,U,116,107,2,4,3,27,259,406,0,0,1,0,0,406
481,1,1,2,2,1-41,2577,B-C,R,105,163,13,6,2,31,320,672,0,0,2,0,1,672
715,3,5,3,3,5-18,1694,B-C,U,235,271,11,1,3,16,537,735,1,0,1,0,0,735
2195,4,4,8,8,4-42,825,B-C,M,133,130,20,8,3,14,308,496,0,0,1,0,0,496
3618,15,4,12,12,4-94,1000,B-C,U,201,184,11,3,4,13,416,733,1,0,1,0,0,733
4298,8,8,17,14,8-36,2622,B-C,U,120,294,8,1,6,7,436,677,1,0,2,0,0,677
3702,15,9,12,12,9-83,1094,B-C,U,185,229,20,4,5,12,455,679,1,0,1,0,0,679
3469,15,9,11,11,9-10,1155,B-C,M,125,165,18,5,2,6,321,598,1,0,1,0,0,598
2774,1,4,8,9,4-11,775,B-C,U,199,188,23,5,8,12,435,694,1,0,1,0,0,694
169,4,1,1,1,1-84,2381,B-C,U,168,106,10,2,1,11,298,449,0,0,1,0,0,449
149,4,1,1,1,1-66,2371,B-C,R,129,190,9,23,0,12,363,592,1,0,1,0,1,592
1941,6,3,4,7,3-64,1413,B-C,U,131,150,6,1,1,7,296,493,0,0,1,0,0,493
6599,14,14,22,22,14-30,126,B-C,R,90,27,60,3,2,15,197,498,0,0,2,0,1,498
6368,10,10,20,21,10-27,2299,B-C,U,72,161,5,1,0,6,245,447,0,0,2,0,0,447
2154,11,6,6,7,6-10,1652,B-C,R,283,109,6,2,1,19,420,689,1,0,1,0,1,689
3270,15,9,11,11,9-44,1007,B-C,U,141,158,11,5,3,5,323,539,1,0,1,0,0,539
2657,2,2,9,9,2-37,200,E,R,117,86,8,6,6,11,234,382,1,0,2,1,1,382
6354,10,10,20,21,10-34,2290,B-C,R,102,117,17,1,3,14,254,518,1,0,2,0,1,518
5966,10,10,20,20,10-11,1884,B-C,U,110,235,33,1,6,12,397,740,1,0,2,0,0,740
4037,8,8,14,13,8-60,2232,B-C,R,159,217,3,2,2,23,406,612,1,0,2,0,1,612
3832,13,11,18,13,11-63,11,B-C,U,186,255,11,2,6,7,467,681,1,0,1,0,0,681
659,3,5,3,3,5-7,1674,B-C,U,186,225,13,4,2,0,430,659,1,0,1,0,0,659
5288,14,10,15,17,10-54,2760,B-C,R,67,91,4,1,2,6,171,411,0,0,2,0,1,411
525,1,1,2,2,1-55,2597,B-C,R,56,157,11,2,2,13,241,565,1,0,2,0,1,565
3123,9,7,13,10,7-66,2675,B-C,U,149,149,14,2,4,7,325,508,1,0,1,0,0,508
2719,2,2,9,9,2-20,238,B-C,R,119,177,6,12,1,23,338,661,0,0,2,0,1,661
6235,10,13,19,21,13-28,686,B-C,U,157,227,13,4,3,12,416,622,1,0,2,0,0,622
651,6,5,7,3,5-30,1402,B-C,U,112,150,10,1,1,11,285,402,0,0,1,0,0,402
6048,10,10,20,20,10-71,2807,B-C,U,179,208,17,4,3,19,430,700,1,0,2,0,0,700
3059,7,7,10,10,7-44,2477,B-C,U,115,266,7,1,1,5,395,702,0,1,1,0,0,702
2580,2,2,9,9,2-10,162,B-C,U,103,135,10,3,4,17,272,423,0,0,2,0,0,423
3977,8,8,14,13,8-91,2182,B-C,U,130,150,12,8,1,11,312,470,0,0,2,0,0,470
1768,11,6,6,6,6-49,1613,B-C,U,211,219,14,3,1,15,463,739,1,0,1,0,0,739
1872,6,3,7,7,3-41,1366,B-C,U,155,194,4,1,2,10,366,585,1,0,1,0,0,585
5862,13,13,19,19,13-88,2873,B-C,U,21,78,111,92,5,25,332,516,1,0,2,0,0,516
2005,11,6,21,7,6-40,1561,B-C,U,214,288,14,0,2,16,534,712,1,0,1,0,0,712
3944,8,8,14,13,8-72,2164,B-C,U,171,192,19,8,6,7,403,600,1,0,2,0,0,600
1587,5,5,5,5,5-73,3015,E,U,109,79,5,1,1,3,198,391,1,0,1,1,0,391
2358,4,4,8,8,4-80,899,E,M,189,142,34,6,2,29,402,680,1,0,1,1,0,680
6024,10,10,20,20,10-67,2797,B-C,U,179,153,12,3,1,7,355,508,1,0,2,0,0,508
3774,9,4,11,12,4-108,1147,B-C,M,112,239,11,3,0,33,398,704,1,0,1,0,0,704
2088,11,6,21,7,6-35,1634,B-C,U,230,202,10,4,2,4,452,749,0,1,1,0,0,749
3249,15,9,11,11,9-43,973,B-C,U,175,196,12,4,2,9,398,744,1,0,1,0,0,744
1023,3,3,4,4,3-21,1306,B-C,U,202,212,17,5,0,5,441,709,1,0,1,0,0,709
233,4,1,1,1,1-80,2413,B-C,R,121,126,15,5,1,13,281,572,1,0,1,0,1,572
6314,10,10,20,21,10-19,2270,B-C,U,96,148,15,2,2,8,271,383,0,0,2,0,0,383
2120,11,6,21,7,6-23,1643,B-C,U,170,145,4,2,2,17,340,695,0,1,1,0,0,695
5468,7,11,18,18,11-50,1934,B-C,R,91,42,1,1,0,0,135,245,0,0,1,0,1,245
2487,9,7,13,8,7-80,2697,B-C,R,208,81,9,3,0,8,309,531,0,0,1,0,1,531
4857,12,12,15,16,12-14,471,B-C,U,176,199,42,8,4,12,441,738,1,0,2,0,0,738
4777,12,12,16,16,12-6,399,B-C,U,180,201,28,4,7,12,432,637,1,0,2,0,0,637
1809,11,6,6,6,6-53,1636,B-C,U,122,125,3,2,2,4,258,485,0,0,1,0,0,485
1067,6,3,4,4,3-28,1322,B-C,U,196,181,3,1,3,15,399,722,0,1,1,0,0,722
1414,5,5,5,5,5-66,1787,B-C,U,167,163,5,1,1,14,351,627,1,0,1,0,0,627
5693,13,13,19,19,13-50,1192,B-C,R,42,176,19,3,7,13,260,486,1,0,2,0,1,486
5246,2,2,17,17,2-65,645,B-C,U,82,295,36,4,1,23,441,742,1,0,2,0,0,742
800,5,5,5,3,5-57,1734,B-C,U,186,236,10,0,1,7,440,694,1,0,1,0,0,694
1854,6,3,7,7,3-41,1344,B-C,U,161,195,1,2,1,22,382,643,1,0,1,0,0,643
607,1,1,2,2,1-9,2940,E,R,102,184,3,0,0,8,297,398,0,0,2,1,1,398
254,4,1,1,1,1-82,2424,B-C,R,118,104,6,3,4,21,256,434,0,0,1,0,1,434
3283,15,9,12,11,9-62,1013,B-C,U,124,109,6,2,0,8,249,379,0,0,1,0,0,379
1319,5,6,5,5,6-83,1464,B-C,U,175,171,9,5,4,15,379,647,0,0,1,0,0,647
5289,14,10,15,17,10-55,2761,B-C,R,192,160,27,3,2,10,394,644,1,0,2,0,1,644
4253,8,8,14,14,8-49,2227,B-C,R,135,160,8,3,1,11,318,527,1,0,2,0,1,527
1541,5,5,5,5,5-70,1847,B-C,U,203,215,4,1,3,11,437,734,1,0,1,0,0,734
5520,7,11,18,18,11-14,1967,B-C,R,131,146,10,7,0,15,309,683,1,0,1,0,1,683
6654,14,14,22,22,14-79,1208,B-C,U,110,202,99,2,7,25,445,723,1,0,2,0,0,723
2106,11,6,21,7,6-26,1642,B-C,U,183,178,7,5,0,9,382,708,0,1,1,0,0,708
139,4,1,1,1,1-61,2365,B-C,R,49,113,4,6,0,11,183,398,0,0,1,0,1,398
2720,2,2,9,9,2-20,239,B-C,R,63,77,5,1,0,14,160,338,0,0,2,0,1,338
5295,14,10,15,17,10-52,2764,B-C,R,85,114,12,1,0,10,222,525,0,0,2,0,1,525
1031,6,3,4,4,3-24,1308,B-C,U,180,140,4,2,3,8,337,645,1,0,1,0,0,645
4029,8,8,14,13,8-100,2198,B-C,U,199,155,36,17,2,11,420,592,1,0,2,0,0,592
2785,1,4,8,9,4-30,802,B-C,M,141,153,8,5,2,13,322,531,1,0,1,0,0,531
4147,8,8,14,14,8-74,2135,B-C,U,124,150,14,9,5,6,308,494,0,0,2,0,0,494
3857,13,11,18,13,11-76,23,B-C,R,103,137,5,0,1,13,259,452,0,0,1,0,1,452
5185,2,2,17,17,2-50,616,B-C,U,102,201,13,2,5,8,331,517,1,0,2,0,0,517
3251,15,9,11,11,9-43,973,B-C,U,191,199,10,1,3,15,419,744,1,0,1,0,0,744
5072,14,14,9,17,14-54,290,B-C,U,132,177,27,6,1,11,354,544,1,0,2,0,0,544
3847,13,11,18,13,11-77,19,B-C,R,153,116,21,1,3,19,313,539,1,0,1,0,1,539
609,1,1,2,2,1-11,2942,B-C,R,114,98,1,0,0,4,217,316,0,0,2,0,1,316
3752,9,4,11,12,4-103,1134,B-C,U,221,140,9,4,1,11,386,624,1,0,1,0,0,624
723,3,5,3,3,5-13,1697,B-C,U,224,269,14,1,4,20,532,737,1,0,1,0,0,737
2461,9,7,13,8,7-70,2683,B-C,M,158,133,16,2,2,10,321,650,1,0,1,0,0,650
1455,5,5,7,5,5-43,1805,B-C,U,141,143,4,2,1,4,295,415,0,0,1,0,0,415
462,1,1,2,2,1-47,2561,B-C,U,130,137,24,9,7,19,326,578,1,0,2,0,0,578
3784,15,4,12,12,4-109,1159,B-C,R,167,238,9,1,0,10,425,663,1,0,1,0,1,663
6612,14,14,22,22,14-33,135,B-C,R,41,58,47,3,0,0,149,376,0,0,2,0,1,376
137,4,1,1,1,1-65,2363,B-C,R,152,219,10,22,1,21,425,746,0,0,1,0,1,746
518,1,1,2,2,1-35,2593,E,R,102,215,7,7,2,22,355,550,1,0,2,1,1,550
927,3,3,4,4,3-6,1276,B-C,U,212,142,5,4,0,16,379,655,1,0,1,0,0,655
4705,12,12,16,16,12-25,341,B-C,U,168,146,12,3,10,14,353,661,1,0,2,0,0,661
1468,5,5,5,5,5-75,1810,B-C,U,174,147,8,2,2,18,351,614,1,0,1,0,0,614
3477,15,9,12,11,9-20,1162,B-C,M,125,228,3,0,1,12,369,626,1,0,1,0,0,626
5990,10,10,20,20,10-47,2647,B-C,U,151,169,5,2,1,4,332,444,0,0,2,0,0,444
4356,8,8,17,14,8-22,2643,B-C,R,74,272,8,1,0,13,368,576,1,0,2,0,1,576
6540,14,14,22,22,14-20,93,B-C,U,51,87,40,2,1,18,199,455,0,0,2,0,0,455
4889,2,12,16,16,12-68,501,B-C,U,111,265,16,6,10,12,420,681,1,0,2,0,0,681
3376,15,9,12,11,9-69,1092,B-C,U,135,89,8,5,1,10,248,452,0,0,1,0,0,452
5340,7,11,10,18,11-106,579,B-C,R,164,78,1,6,0,7,256,499,0,0,1,0,1,499
6149,10,10,20,20,10-86,2991,B-C,R,78,119,3,2,0,10,212,453,0,0,2,0,1,453
5649,13,11,18,19,11-56,922,B-C,R,184,131,27,5,4,6,357,532,1,0,1,0,1,532
6438,10,10,20,21,10-42,2338,B-C,R,51,284,15,6,2,22,380,695,1,0,2,0,1,695
728,3,5,3,3,5-19,1698,B-C,U,194,201,11,1,1,7,415,521,1,0,1,0,0,521
211,4,1,1,1,1-69,2400,B-C,U,116,138,4,1,1,15,275,492,0,0,1,0,0,492
3156,9,7,13,10,7-83,2702,B-C,R,240,104,7,0,1,14,366,618,1,0,1,0,1,618
954,3,3,3,4,3-8,1283,B-C,U,199,255,22,8,7,9,500,735,1,0,1,0,0,735
2950,13,7,13,10,7-29,2087,B-C,R,260,118,34,1,0,14,427,729,0,0,1,0,1,729
4145,8,8,14,14,8-66,2132,B-C,U,127,109,9,5,4,13,267,420,0,0,2,0,0,420
2215,4,4,8,8,4-45,834,B-C,U,196,128,35,14,7,18,398,608,1,0,1,0,0,608
3220,9,9,11,11,9-32,946,B-C,U,126,234,8,3,1,2,374,494,0,0,1,0,0,494
2959,13,7,13,10,7-24,2095,B-C,R,209,117,36,1,2,11,376,701,1,0,1,0,1,701
5906,13,13,19,19,13-85,2888,E,M,42,135,131,2,3,24,337,534,1,0,2,1,0,534
3905,13,11,18,13,11-57,48,B-C,R,165,83,2,4,0,12,266,513,1,0,1,0,1,513
1633,6,6,7,6,6-57,1529,B-C,U,147,184,15,3,0,22,371,480,0,0,1,0,0,480
5284,14,10,15,17,10-55,2757,B-C,R,114,70,10,1,0,7,202,414,0,0,2,0,1,414
4113,8,8,14,14,8-78,2112,B-C,U,150,201,22,15,4,16,408,543,1,0,2,0,0,543
748,3,5,7,3,5-25,1709,B-C,U,218,221,6,5,3,15,468,724,1,0,1,0,0,724
3634,15,4,12,12,4-97,1025,B-C,U,144,134,13,6,5,11,313,531,1,0,1,0,0,531
1230,3,3,4,4,3-78,1496,B-C,NA,198,134,6,2,0,12,352,746,0,1,1,0,0,746
2099,11,6,21,7,6-24,1642,B-C,U,204,163,8,5,3,12,395,709,0,1,1,0,0,709
4030,8,8,14,13,8-100,2198,B-C,U,204,155,23,9,4,11,406,592,1,0,2,0,0,592
2273,4,4,8,8,4-57,864,B-C,U,136,114,14,7,2,12,285,426,0,0,1,0,0,426
6036,10,10,20,20,10-70,2802,B-C,U,131,167,14,1,2,8,323,505,1,0,2,0,0,505
5357,7,11,10,18,11-105,594,B-C,R,219,138,15,38,7,17,434,680,1,0,1,0,1,680
5498,7,11,18,18,11-34,1955,B-C,M,243,169,0,0,0,17,429,646,0,0,1,0,0,646
2791,1,4,1,9,4-29,804,B-C,R,125,131,6,1,1,5,269,472,1,0,1,0,1,472
5548,7,11,18,18,11-13,1979,B-C,R,106,160,15,4,3,8,296,493,0,0,1,0,1,493
1638,11,6,6,6,6-59,1535,B-C,U,151,158,13,1,5,4,332,437,0,0,1,0,0,437
1244,3,3,4,4,3-79,1496,B-C,NA,133,128,4,0,1,7,273,746,0,1,1,0,0,746
5758,13,13,19,19,13-58,2834,B-C,U,66,207,45,5,2,10,335,512,1,0,2,0,0,512
1648,6,6,6,6,6-65,1540,B-C,U,109,108,18,5,2,6,248,422,0,0,1,0,0,422
3423,15,9,11,11,9-50,1113,B-C,U,147,127,11,3,1,5,294,519,1,0,1,0,0,519
4887,2,12,16,16,12-65,500,B-C,U,148,244,10,5,1,12,420,649,1,0,2,0,0,649
6263,10,13,19,21,13-35,696,E,R,105,98,11,7,2,8,231,441,0,0,2,1,1,441
3882,13,11,18,13,11-67,36,B-C,R,90,151,7,2,4,23,277,405,0,0,1,0,1,405
2874,7,7,10,10,7-10,2046,B-C,R,75,213,4,0,0,0,292,606,1,0,1,0,1,606
3689,15,9,12,12,9-79,1072,B-C,U,169,150,9,3,2,12,345,575,1,0,1,0,0,575
797,5,5,5,3,5-47,1733,B-C,U,165,175,4,3,2,18,367,618,1,0,1,0,0,618
3281,15,9,12,11,9-62,1012,B-C,U,132,114,10,3,3,7,269,390,0,0,1,0,0,390
2816,1,4,8,9,4-39,817,B-C,R,83,112,6,3,2,0,206,467,0,0,1,0,1,467
4871,12,13,15,16,13-10,483,B-C,U,167,217,12,3,2,10,411,651,1,0,2,0,0,651
6486,14,14,22,22,14-8,67,B-C,U,87,189,34,2,8,16,336,578,1,0,2,0,0,578
4453,12,12,15,15,12-51,412,B-C,U,179,231,41,6,9,16,482,694,0,1,2,0,0,694
1459,5,5,5,5,5-67,1807,B-C,U,115,122,10,1,1,10,259,450,0,0,1,0,0,450
6088,10,10,20,20,10-80,2957,B-C,U,151,220,28,39,6,18,462,704,0,0,2,0,0,704
5473,7,11,18,18,11-1,1939,B-C,R,67,83,7,5,1,11,174,343,0,0,1,0,1,343
6556,14,14,22,22,14-26,102,B-C,U,38,147,43,10,2,14,254,552,1,0,2,0,0,552
3560,9,4,12,12,4-91,966,B-C,U,180,105,6,3,3,2,299,663,0,1,1,0,0,663
